customer_id,probability_of_churn,churn_prediction
5811-IWXYM,0.2513870449432378,0
9592-ERDKV,0.13391207887659343,0
2550-QHZGP,0.05916941325727025,0
2180-DXNEG,0.6440218976211143,1
5542-DHSXL,0.27631103844287624,0
7901-TBKJX,0.4898570565807409,0
4660-IRIBM,0.3152604311620322,0
6685-XSHHU,0.006318506469036175,0
3703-TTEPD,0.14302965374820828,0
2798-NYLMZ,0.05877456751791087,0
8755-OGKNA,0.011340328924731408,0
3638-WEABW,0.03919315563757851,0
4558-FANTW,0.3507458055973519,0
1731-TVIUK,0.6224002690715765,1
2192-OZITF,0.03823365376912405,0
6784-XYJAE,0.1457917667751872,0
9467-ROOLM,0.05576470072047651,0
7799-LGRDP,0.04491026157587938,0
6275-YDUVO,0.6454594002205175,1
7245-NIIWQ,0.6592341176094181,1
5269-NRGDP,0.1460154093202972,0
9880-TDQAC,0.06535212401878314,0
8443-ZRDBZ,0.6761434065901751,1
6350-XFYGW,0.7080371743076708,1
3146-JTQHR,0.06251107073288076,0
5842-POCOP,0.5249546845349911,1
7932-WPTDS,0.6363529058835585,1
1970-KKFWL,0.023007094611206726,0
3874-EQOEP,0.6023075836030629,1
1492-KGETH,0.08141129844239424,0
6854-EXGSF,0.2163105544077044,0
8535-SFUTN,0.33608677966344347,0
4632-PAOYU,0.022220611252223955,0
8659-HDIYE,0.14855447335534264,0
8695-WDYEA,0.3190500493108288,0
4560-WQAQW,0.07899767248421088,0
2595-KIWPV,0.02492397560263643,0
7957-RYHQD,0.31139929760079954,0
6898-MDLZW,0.24688991576037922,0
3617-XLSGQ,0.07151140270215127,0
0739-UUAJR,0.035979178033618664,0
2361-FJWNO,0.13582866542749034,0
8166-ORCHU,0.24136186882474522,0
8204-TIFGJ,0.07752999168832536,0
7129-ACFOG,0.37064994849077565,0
1530-ZTDOZ,0.1810868768974026,0
7107-UBYKY,0.04812680423139917,0
5985-BEHZK,0.2393743053431258,0
0404-AHASP,0.006206821283179155,0
3063-QFSZL,0.46211419983748653,0
6921-OZMFH,0.32642525862879423,0
1842-EZJMK,0.32874347493126443,0
3404-JNXAX,0.356896180374015,0
7336-RLLRH,0.14160327046768445,0
5628-RKIFK,0.33474538212114846,0
8883-ANODQ,0.11498735458672302,0
5138-WVKYJ,0.5124263945025878,1
9392-XBGTD,0.018581640071683118,0
2782-JEEBU,0.23565769786606222,0
1724-IQWNM,0.335396910620664,0
2898-LSJGD,0.18785128838560416,0
5701-GUXDC,0.13137786524864434,0
4480-MBMLB,0.3118833852370827,0
7997-EASSD,0.14166201086786737,0
9436-ZBZCT,0.6204821170942662,1
0907-HQNTS,0.048722904732354744,0
2955-PSXOE,0.35147277240854174,0
4521-YEEHE,0.523862619212561,1
4475-NVTLU,0.01394198412074566,0
8847-GEOOQ,0.1528073235313304,0
4959-JOSRX,0.3701564042374232,0
3057-VJJQE,0.08711676522009544,0
2928-HLDBA,0.10519984575806055,0
9548-LIGTA,0.03131118199182813,0
2364-UFROM,0.1088665311497882,0
9917-KWRBE,0.11563760221974674,0
6024-RUGGH,0.011611659142610553,0
3748-FVMZZ,0.4885677568275627,0
0723-FDLAY,0.1556018287843336,0
4484-CGXFK,0.43099887987289415,0
1728-BQDMA,0.459729029220526,0
6668-CNMFP,0.2817940949107674,0
8198-RKSZG,0.23899260026914718,0
8822-KNBHV,0.15035063573589974,0
4010-YLMVT,0.3199718331435352,0
4612-THJBS,0.27774653076786276,0
9646-NMHXE,0.011969755454460364,0
1135-HIORI,0.25766304127007184,0
0856-NAOES,0.2929956636433855,0
0585-EGDDA,0.43255391885667793,0
0815-MFZGM,0.15378236407761886,0
3801-HMYNL,0.6261978430570518,1
6923-EFPNL,0.3582477977992349,0
3627-FCRDW,0.5482010341313394,1
2887-JPYLU,0.2003493093842081,0
5243-SAOTC,0.31582459080286884,0
2144-ESWKO,0.10141899870235128,0
0067-DKWBL,0.4411416714952199,0
7586-ZATGZ,0.5099909673693005,1
6752-APNJL,0.1412516354664402,0
9488-FYQAU,0.12212122389591398,0
9397-TZSHA,0.02622044375892689,0
7234-KMNRQ,0.10661514164790871,0
1621-YNCJH,0.15755495513083467,0
7515-LODFU,0.020293137956789536,0
8229-MYEJZ,0.26571954123383956,0
7881-EVUAD,0.4416016011652622,0
0020-JDNXP,0.08986241468104066,0
3926-CUQZX,0.4499497092527979,0
6077-BDPXA,0.6520118953871957,1
1172-VIYBP,0.047494431778952906,0
3207-OYBWH,0.30607637918101516,0
3620-EHIMZ,0.008925419348061271,0
0931-MHTEM,0.24717467560589537,0
9639-BUJXT,0.037319786574934885,0
6261-RCVNS,0.1001125597416944,0
2845-KDHVX,0.031514763355205616,0
2786-GCDPI,0.4445478374298238,0
8189-DUKMV,0.10277081491480791,0
3363-EWLGO,0.10271012600398102,0
1042-HFUCW,0.13191738015160243,0
4713-LZDRV,0.7150807186513275,1
0748-RDGGM,0.15274381468364906,0
6371-NZYEG,0.06702818873780546,0
5343-SGUBI,0.18806868119352899,0
4927-WWOOZ,0.7029089135628394,1
4522-AKYLR,0.2776973745056322,0
3296-SILRA,0.6238451271981803,1
9965-YOKZB,0.6760010778757983,1
2700-LUEVA,0.24267919954838366,0
2038-LLMLM,0.43242390456699487,0
7537-RBWEA,0.5336471687395037,1
6372-RFVNS,0.6927471140201201,1
9659-QEQSY,0.33654145957401893,0
0363-SVHYR,0.023729106951030116,0
4795-KTRTH,0.6717884175314011,1
9103-TCIHJ,0.2167508012830492,0
1080-BWSYE,0.026051920120409976,0
3812-LRZIR,0.03444029043939891,0
7551-DACSP,0.27641156086348423,0
3301-LSLWQ,0.21284795682917104,0
2533-QVMSK,0.14090399243834842,0
3744-ZBHON,0.1834115897382453,0
3750-RNQKR,0.08443986030156768,0
8896-BQTTI,0.3035670160000684,0
3948-FVVRP,0.2104800152145577,0
0807-ZABDG,0.3009518478726715,0
6963-EZQEE,0.04900419920423806,0
4102-HLENU,0.023903785456143852,0
3933-DQPWX,0.05219050512481946,0
6152-ONASV,0.06904615414927459,0
7619-PLRLP,0.10954420337563159,0
0657-DOGUM,0.07674974394484915,0
4188-FRABG,0.31272283329352674,0
8118-TJAFG,0.540957292338585,1
6968-GMKPR,0.39366623829242736,0
7534-BFESC,0.5813077103657251,1
8592-PLTMQ,0.02788193641127492,0
9408-SSNVZ,0.6437917176039387,1
8990-YOZLV,0.034359759404268254,0
1414-YADCW,0.08230020912550337,0
2072-ZVJJX,0.016510655513772912,0
7293-LSCDV,0.013717877367921509,0
2027-DNKIV,0.07603383687651938,0
0813-TAXXS,0.0877061477980252,0
7636-OWBPG,0.33629488931776597,0
9780-FKVVF,0.26921984039044367,0
6543-JXSOO,0.1016408740980867,0
8630-FJLIB,0.5358625082993415,1
6979-ZNSFF,0.6614474274482778,1
9929-PLVPA,0.07757605802179621,0
5619-PTMIK,0.16754340579542423,0
9360-OMDZZ,0.6029266078097895,1
3707-GNWHM,0.6293326444973837,1
5760-WRAHC,0.16212613797855543,0
0742-MOABM,0.3218279947748027,0
4397-FRLTA,0.10725776106002469,0
7916-VCCPB,0.42648093748908766,0
4102-OQUPX,0.7516087097457071,1
2495-KZNFB,0.46496913801650275,0
0621-JFHOL,0.1909868338674857,0
4323-SADQS,0.30669873373593404,0
4451-RWASJ,0.04120733637267074,0
6476-EPYZR,0.061871174566256106,0
7452-FOLON,0.02463164296345975,0
4622-YNKIJ,0.23042070991698688,0
0496-AHOOK,0.10669414752271708,0
7398-HPYZQ,0.022430752445689407,0
1703-MGIAB,0.21100366404973891,0
7471-MQPOS,0.0948586559605939,0
0048-PIHNL,0.050975530695534094,0
0868-VJRDR,0.08709748984544302,0
5261-QSHQM,0.5470473377847109,1
3671-SHRSP,0.5136013623571064,1
2296-DKZFP,0.029959459818387355,0
7148-XZPHA,0.30171265233459366,0
6620-JDYNW,0.1765637964215587,0
0754-EEBDC,0.02924598482222637,0
5373-SFODM,0.40261702924802684,0
5647-URDKA,0.022371250677625923,0
0836-SEYLU,0.2635742602415853,0
8610-WFCJF,0.4068510302217701,0
8769-KKTPH,0.20825648056812165,0
2725-KXXWT,0.7422385857107738,1
2982-VPSGI,0.6761951689505297,1
4208-UFFGW,0.39990677371794725,0
1346-PJWTK,0.20379724037577,0
3506-OVLKD,0.026952177549479192,0
6413-XKKPU,0.43407252671123614,0
4459-BBGHE,0.27113195191265066,0
9479-HYNYL,0.021305771006626874,0
5505-OVWQW,0.03940863613516699,0
4039-HEUNW,0.49891146971928035,0
1448-CYWKC,0.23118021537356204,0
0201-MIBOL,0.1722418576524376,0
6227-FBDXH,0.23093989448789112,0
7301-ABVAD,0.038767786518988843,0
3982-DQLUS,0.31557870256377213,0
4671-LXRDQ,0.4096484282230268,0
9019-QVLZD,0.7042820496422657,1
6504-VBLFL,0.07046648194058779,0
8711-LOBKY,0.006215971863573361,0
3223-DWFIO,0.57320956392937,1
3411-WLRSQ,0.6242343224084874,1
0898-XCGTF,0.22732685957597656,0
9741-YLNTD,0.5737435013298302,1
4439-YRNVD,0.30606819362955884,0
2632-IVXVF,0.05320011992866741,0
3030-YZADT,0.2708303739055759,0
9985-MWVIX,0.6016929709503951,1
0746-JTRFU,0.5764836263416605,1
1964-SVLEA,0.027638058780937662,0
8752-IMQOS,0.04810384962584169,0
1846-XWOQN,0.7416599101447627,1
4189-NAKJS,0.1419447459700724,0
1498-NHTLT,0.0732849601662084,0
5375-XLDOF,0.08340031428685543,0
0839-QNXME,0.017333337389569835,0
1469-LBJQJ,0.41323028189281624,0
2346-CZYIL,0.013590575231375896,0
5924-SNGKP,0.021964079722005328,0
5208-HFSBT,0.34355617874392513,0
8400-WZICQ,0.1414987152717245,0
6248-BSHKG,0.021343487931687256,0
5502-RLUYV,0.36636819568510015,0
9919-KNPOO,0.5817613232904095,1
9129-UXERG,0.4861314253077612,0
2542-HYGIQ,0.2350751063197783,0
3692-JHONH,0.3678628065567904,0
3694-DELSO,0.28692691550252847,0
5067-DGXLL,0.1716080590367881,0
1154-HYWWO,0.1080310343640717,0
6710-HSJRD,0.3400830728781235,0
5855-EIBDE,0.06962186992424507,0
5227-JSCFE,0.028556106655487756,0
7657-DYEPJ,0.12037793240705527,0
3525-DVKFN,0.02103859749043802,0
1465-VINDH,0.5754325560746318,1
3537-HPKQT,0.30936561650544614,0
2266-SJNAT,0.1774382850041378,0
3786-WOVKF,0.2044903786658166,0
8168-UQWWF,0.6219656068022712,1
7315-WYOAW,0.5924307922152695,1
8788-DOXSU,0.1306758452725453,0
4636-OLWOE,0.11399944585666771,0
8945-GRKHX,0.7048677995059262,1
1730-VFMWO,0.16601808316814548,0
7041-TXQJH,0.22874154228105292,0
6620-HVDUJ,0.13806866606188323,0
3557-HTYWR,0.03223495863037925,0
2770-NSVDG,0.3279696576342014,0
7363-QTBIW,0.6433376118410361,1
0111-KLBQG,0.3800829796644268,0
7102-JJVTX,0.14825433597799167,0
9057-SIHCH,0.7275809527489348,1
8748-HFWBO,0.02577896668988974,0
8782-LKFPK,0.338656488939492,0
7123-WQUHX,0.22037880118413875,0
4994-OBRSZ,0.0830020100030594,0
4353-HYOJD,0.18341831447372733,0
6212-ATMLK,0.4661354482207659,0
1904-WAJAA,0.10524325610053836,0
6265-FRMTQ,0.018583401131970902,0
9391-TTOYH,0.0685777214686341,0
6303-KFWSL,0.1592987771269669,0
2882-WDTBA,0.02444835787847899,0
1450-SKCVI,0.3902122096771904,0
4176-FXYBO,0.3125835731945068,0
5161-UBZXI,0.08189706777990706,0
0665-XHDJU,0.16277444933682886,0
6769-DCQLI,0.21740446750084141,0
3164-AALRN,0.31565546132190087,0
2122-SZZZD,0.023222684400581298,0
9048-JVYVF,0.45026765228137633,0
7868-TMWMZ,0.07592436179573081,0
3398-ZOUAA,0.4685746615877527,0
3716-LRGXK,0.11437849874805511,0
6330-JKLPC,0.5474865743481235,1
5730-RIITO,0.228003356737052,0
3068-OMWZA,0.7662166803047882,1
4110-PFEUZ,0.5539251981394673,1
0811-GSDTP,0.3265115293543803,0
1925-TIBLE,0.6661579740504621,1
3727-RJMEO,0.6544489662945802,1
4718-DHSMV,0.3253639708462109,0
9589-ABEPT,0.11916735170376277,0
3511-BFTJW,0.026431800168101885,0
4548-SDBKE,0.6805409127350918,1
0643-OKLRP,0.34249885309744404,0
5848-FHRFC,0.01937198391226602,0
1401-FTHFQ,0.02004266555998435,0
8075-GXIUB,0.07565784016177632,0
8774-GSBUN,0.0148494573322479,0
3084-DOWLE,0.032482547363436295,0
4634-JLRJT,0.36455152667872154,0
1984-GPTEH,0.06861915081713754,0
9300-AGZNL,0.7907241252983801,1
1264-BYWMS,0.4728923516037146,0
3097-NNSPB,0.36981961393197005,0
0048-LUMLS,0.22186797687689544,0
0362-ZBZWJ,0.5516800354745345,1
5680-LQOGP,0.01652777492065552,0
2159-TURXX,0.07873914886611609,0
7147-AYBAA,0.3510688877686943,0
5707-ZMDJP,0.031327496356251275,0
4940-KHCWD,0.03172349193632409,0
3282-ZISZV,0.13390467503655362,0
0822-GAVAP,0.5720590781117476,1
1135-LMECX,0.28290571363459327,0
5597-GLBUC,0.7391132358462629,1
6542-LWGXJ,0.4222481444064432,0
5141-ZUVBH,0.45844294772208644,0
4967-WPNCF,0.022333888949144592,0
0096-FCPUF,0.19231729170627712,0
3269-ATYWD,0.4384468362183415,0
7205-BAIAD,0.01567856765361326,0
0587-DMGBH,0.28212674486420264,0
1447-GIQMR,0.6612262186688437,1
7954-MLBUN,0.21362577884200873,0
8988-ECPJR,0.3709657054558275,0
2462-XIIJB,0.7064210920756784,1
2740-TVLFN,0.507973347691562,1
6016-LVTJQ,0.050939519710894936,0
9522-ZSINC,0.05389596941040021,0
6954-OOYZZ,0.21321249274355938,0
9381-NDKME,0.26466811631843185,0
3768-NLUBH,0.4374696687966101,0
8565-WUXZU,0.09427579132313578,0
6635-MYYYZ,0.11737440770756515,0
1386-ZIKUV,0.11393679331467503,0
4024-CSNBY,0.0676818746242217,0
1784-EZDKJ,0.2779092046671956,0
2612-PHGOX,0.045939970810019985,0
6653-CBBOM,0.7174975418365035,1
9626-WEQRM,0.3586693472760079,0
5353-WILCI,0.17505713483425414,0
3777-XROBG,0.005825334237988851,0
8773-HHUOZ,0.23867118723700925,0
6034-ZRYCV,0.11660020709234349,0
2929-QNSRW,0.3021893226734567,0
4695-VADHF,0.24615606201338544,0
9938-PRCVK,0.013260813935102821,0
6925-BAYGL,0.04014512809292184,0
9091-WTUUY,0.0210424812456651,0
6137-MFAJN,0.21222286057977388,0
5465-BUBFA,0.013260813935102821,0
1877-HKBQX,0.16274109462014077,0
5133-VRSAB,0.24981976424614655,0
0975-UYDTX,0.14277168495900242,0
8910-ICHIU,0.187944499638013,0
9564-KCLHR,0.39797231525647647,0
0727-IWKVK,0.6244974004171603,1
8450-LUGUK,0.012746506937366224,0
3779-OSWCF,0.04291934687303677,0
4973-RLZVI,0.10230771837751403,0
9050-IKDZA,0.594358451933182,1
5828-DWPIL,0.3200348845465401,0
8544-JNBOX,0.013819451309409878,0
9787-XVQIU,0.7383249720581567,1
4482-EWFMI,0.6615466523993601,1
7114-AEOZE,0.016737247908636694,0
8097-VBQTZ,0.11781858865501307,0
5537-UXXVS,0.059351242925922094,0
0206-OYVOC,0.025146780494538126,0
6103-LIANB,0.11812439339831356,0
2878-RMWXY,0.0725789366898707,0
9909-DFRJA,0.24445226966755726,0
1043-UXOVO,0.053225932448891504,0
0203-HHYIJ,0.03057492296570287,0
5837-LXSDN,0.1267134861046912,0
9097-ZUBYC,0.23698518020815468,0
2190-BCXEC,0.3230402902550585,0
9500-LTVBP,0.3483190102927015,0
2466-NEJOJ,0.05162300793131358,0
8932-CZHRQ,0.11660513159238624,0
7758-UJWYS,0.11299453982220109,0
8901-UPRHR,0.099054759932964,0
9588-OZDMQ,0.47918432753845125,0
7109-MFBYV,0.2443200444307507,0
3446-QDSZF,0.3425392841514681,0
1596-OQSPS,0.24853408719243905,0
8375-KVTHK,0.26604684138106083,0
7994-UYIVZ,0.619820269570235,1
4445-KWOKW,0.11524519657040408,0
5803-NQJZO,0.02293096622567142,0
0526-SXDJP,0.03205723742261552,0
5174-ITUMV,0.3160434805706638,0
7850-VWJUU,0.3504185379531259,0
7103-IPXPJ,0.28640113641729026,0
7760-OYPDY,0.6861693923551154,1
9027-YFHQJ,0.0624602809648366,0
9675-ICXCT,0.08990237407540967,0
9426-SXNHE,0.16523806845541114,0
9470-XCCEM,0.34325279625114996,0
9257-AZMTZ,0.016612867479685104,0
8150-QUDFX,0.16287162919486345,0
5311-IHLEI,0.21953150448471132,0
1355-KUSBG,0.36411326355332607,0
5829-NVSQN,0.10091254141653598,0
6838-YAUVY,0.14898927432976808,0
2302-ANTDP,0.27662099740421614,0
2379-ENZGV,0.6397394057860697,1
6705-LNMDD,0.18285000387468425,0
3823-KYNQY,0.05341925467567316,0
3320-VEOYC,0.7061147184892902,1
0880-FVFWF,0.32836333041659593,0
6976-BWGLQ,0.011102733578570289,0
1564-HJUVY,0.3158172533807608,0
0916-QOFDP,0.6351827155008809,1
3370-GQEAL,0.4390693861876441,0
3313-QKNKB,0.28524009128135913,0
1338-CECEE,0.1259561086642683,0
8035-BUYVG,0.1961815856928356,0
0822-QGCXA,0.20439035366424563,0
8232-CTLKO,0.09075811408037039,0
6390-DSAZX,0.5172628531700467,1
3094-JOJAI,0.3390400232985371,0
0875-CABNR,0.5828984626017073,1
9866-QEVEE,0.4744571798514727,0
3878-AVSOQ,0.7392297388371226,1
3085-QUOZK,0.4290707813406797,0
7524-VRLPL,0.05655099385118234,0
8089-UZWLX,0.1850711082124078,0
8812-ZRHFP,0.25225566397453175,0
7989-VCQOH,0.20861554735336468,0
0345-XMMUG,0.1241644790067074,0
5081-NWSUP,0.1935187936667626,0
5550-VFRLC,0.7489803961721454,1
6087-MVHJH,0.6308489850868128,1
3796-ENZGF,0.03567300512516191,0
2900-PHPLN,0.015922649162752003,0
0440-EKDCF,0.0315801848770462,0
8481-YYXWG,0.5860593446998128,1
2479-BRAMR,0.28932696125701973,0
0725-CXOTM,0.16308382861716664,0
5073-RZGBK,0.08358179922206312,0
9776-OJUZI,0.2972646737773959,0
9489-UTFKA,0.2151799572852119,0
2809-ZMYOQ,0.5647865140002587,1
0795-GMVQO,0.1875160719583576,0
4291-TPNFG,0.021845518672558503,0
8393-DLHGA,0.4720487025603666,0
3737-GCSPV,0.46052058387446093,0
9699-UBQFS,0.41566879641970267,0
4844-JJWUY,0.7241143280807936,1
1750-CSKKM,0.3089202859758374,0
3402-XRIUO,0.1640355383252659,0
1576-PFZIW,0.08032568961140019,0
3800-LYTRK,0.13193118954553407,0
0021-IKXGC,0.760580124035844,1
1251-STYSZ,0.5788283318766912,1
6188-UXBBR,0.03137653269184078,0
3315-TOTBP,0.4482919312309294,0
2274-XUATA,0.04216384595763411,0
8992-OBVDG,0.19205751232497545,0
1241-FPMOF,0.02244015248620325,0
1208-DNHLN,0.14321179314102075,0
1098-KFQEC,0.013610666552732933,0
9769-TSBZE,0.06935418767901214,0
1209-VFFOC,0.02474786977716024,0
6166-ILMNY,0.5464011400511637,1
6518-KZXCB,0.032163676207948425,0
2592-SEIFQ,0.521897528959892,1
8404-GFGCZ,0.36350452406629846,0
6397-JNZZG,0.2446639115072683,0
2228-BZDEE,0.01928201829513833,0
6131-JLWZM,0.0950422739122309,0
3428-MMGUB,0.24079214731521872,0
8970-ANWXO,0.20115939945847472,0
7173-TETGO,0.12787926584367626,0
2824-MYYBN,0.4741815422507918,0
0442-TDYUO,0.012370582069552973,0
5127-BZENZ,0.08419263940735662,0
0906-QVPMS,0.05027698674109721,0
9565-DJPIB,0.5562806168146276,1
2636-SJDOU,0.1452483989629175,0
6061-GWWAV,0.1106790959116649,0
9986-BONCE,0.1298768099240638,0
6572-ADKRS,0.2903531456891832,0
4851-BQDNX,0.3033499847670458,0
6258-NGCNG,0.10574092876042057,0
2359-KLTEK,0.3394908297601285,0
8292-FRFZQ,0.10174348776462776,0
2809-ILCYT,0.04299863758973368,0
2823-LKABH,0.44605049883566017,0
1219-NNDDO,0.6449636394463357,1
8514-VZHEB,0.00796314254495457,0
4513-CXYIX,0.11739159021802074,0
8869-TORSS,0.06353069386506194,0
1122-JWTJW,0.5992025115975023,1
9897-KXHCM,0.6707008362368397,1
0988-JRWWP,0.4370668160332755,0
8740-XLHDR,0.2739279451042224,0
9860-LISIZ,0.06929096744994406,0
4075-WKNIU,0.2037505105158294,0
8212-CRQXP,0.37767178158342335,0
8017-LXHFA,0.5352784259922144,1
5345-BMKWB,0.09363988624205456,0
2037-XJFUP,0.3265368141412154,0
2817-LVCPP,0.015857343588600862,0
2874-YXVVA,0.4271941904491928,0
1494-EJZDW,0.020574835756611204,0
7722-VJRQD,0.026124433352054686,0
2587-EKXTS,0.3913479419052593,0
7083-MIOPC,0.008039826889848738,0
2834-JRTUA,0.10438873402671371,0
4676-MQUEA,0.24521666248496865,0
9170-GYZJC,0.1492360314599268,0
8070-AAWZP,0.22305102677917651,0
5935-FCCNB,0.6550732224694304,1
2984-TBYKU,0.04224507226825458,0
9618-LFJRU,0.10250578588641095,0
6421-SZVEM,0.23635434492993507,0
4918-FYJNT,0.3356260754332808,0
0463-WZZKO,0.09222430084805065,0
7998-ZLXWN,0.06158281924557207,0
6481-OGDOO,0.16909201222045486,0
5266-PFRQK,0.028754964560638654,0
2773-MADBQ,0.0617854502130237,0
2959-FENLU,0.6009148877768127,1
7611-YKYTC,0.29292568151247494,0
3354-OADJP,0.16470288122096846,0
9000-PLFUZ,0.10367530076161739,0
2712-SYWAY,0.2812294575549432,0
1325-USMEC,0.06297751110251416,0
4827-USJHP,0.21771775035215224,0
6696-YDAYZ,0.013345737001244246,0
4636-JGAAI,0.35454519469202744,0
5299-SJCZT,0.6817564770693856,1
4821-SJHJV,0.34598817563825185,0
8473-VUVJN,0.7602084769995952,1
4285-GYRQC,0.6447989451246002,1
1565-RHDJD,0.5886096708277818,1
5940-NFXKV,0.5674318075764291,1
6394-MFYNG,0.3643498748151865,0
5766-ZJYBB,0.29159035790910076,0
3913-RDSJZ,0.013816531646795584,0
5216-WASFJ,0.5476064944004723,1
6194-HBGQN,0.09527514491671346,0
8972-HJWNV,0.6776275944119784,1
8152-VETUR,0.14308211281784053,0
2511-MORQY,0.12111720675358574,0
4412-YLTKF,0.5541972945361455,1
2609-IAICY,0.7431530942522165,1
0100-DUVFC,0.34969794713140523,0
6437-UDQJM,0.06321595314944534,0
0233-FTHAV,0.17362918859379467,0
8967-SZQAS,0.2524467853486913,0
1548-ARAGG,0.32025680827418496,0
0219-QAERP,0.011205204139070835,0
7278-CKDNC,0.5729300557810714,1
4078-SAYYN,0.7045977931164005,1
9142-KZXOP,0.26038186666758434,0
8019-ENHXU,0.4347642498478372,0
3896-RCYYE,0.15618381464885253,0
6100-FJZDG,0.01688281807487527,0
7802-EFKNY,0.5155785742140335,1
5968-VXZLG,0.4235991490090609,0
0230-UBYPQ,0.1284294218457578,0
6837-HAEVO,0.19529160985358476,0
0128-MKWSG,0.148587834088574,0
5986-WWXDV,0.042308368832986394,0
7096-UCLNH,0.31962047824211554,0
9474-PHLYD,0.2787333264651582,0
1112-CUNAO,0.5692553703243626,1
8295-KMENE,0.028586625987531148,0
2294-DMMUS,0.19443049359052908,0
0843-WTBXE,0.2998397573803282,0
3450-WXOAT,0.20072142689777897,0
6060-QBMGV,0.00578927278229732,0
7967-HYCDE,0.49570167542265364,0
3950-VPYJB,0.05801446719955343,0
1640-PLFMP,0.7174975418365035,1
8229-BUJHX,0.008799635120328615,0
3370-HXOPH,0.6301016668128018,1
1635-HDGFT,0.018831799434982015,0
3007-FDPEA,0.21077480894583706,0
3062-ICYZQ,0.31016326395379773,0
8383-SGHJU,0.11211531053930371,0
3815-SLMEF,0.27612197119220716,0
4801-KFYKL,0.08063293347736768,0
0668-OGMHD,0.3107073912365005,0
7629-WIXZF,0.2225626355083382,0
6904-JLBGY,0.04517592367722587,0
1194-BHJYC,0.030691574027973866,0
3259-FDWOY,0.1647563268043989,0
5960-MVTUK,0.5048349555086935,1
8181-YHCMF,0.018240109450268722,0
5293-WXJAK,0.5790981535320071,1
9227-UAQFT,0.033654180391047464,0
2659-VXMWZ,0.22267022370137565,0
1448-PWKYE,0.6976941005260038,1
9107-UKCKY,0.18595877445350317,0
3870-MQAMG,0.2749162618903515,0
2696-NARTR,0.5314236611608124,1
7593-XFKDI,0.4351430396844457,0
2068-WWXQZ,0.01949898640153649,0
9391-EOYLI,0.6426917833030937,1
0719-SYFRB,0.21302786397366838,0
5564-NEMQO,0.6444230598313385,1
4952-YSOGZ,0.6706644630710984,1
7963-GQRMY,0.35797995382587644,0
9947-OTFQU,0.5988608968326962,1
5960-WPXQM,0.7438485682814118,1
4759-TRPLW,0.6626584560094925,1
1475-VWVDO,0.6344248454233453,1
0141-YEAYS,0.4177876300088839,0
2455-USLMV,0.31002828575769725,0
7267-FRMJW,0.011782433822496528,0
1684-FLBGS,0.14991108841375472,0
5334-AFQJB,0.02848023890461716,0
0754-UKWQP,0.7073265859591273,1
0458-HEUZG,0.13631956446870466,0
9512-UIBFX,0.39242994472261394,0
6522-YRBXD,0.43453656676308805,0
7508-DQAKK,0.017125071152438998,0
5018-LXQQG,0.13351297503587772,0
0691-JVSYA,0.2141820656013214,0
9688-YGXVR,0.29502557800864176,0
3985-HOYPM,0.029190396777891862,0
1113-IUJYX,0.3407813829605039,0
4999-IEZLT,0.12860722313740752,0
1849-RJYIG,0.26717697612271374,0
7181-OQCUT,0.36144448578310906,0
4723-BEGSG,0.02598766474432038,0
7767-UXAGJ,0.5141511254693398,1
5451-YHYPW,0.03737057312243027,0
2716-GFZOR,0.23117074301150542,0
8221-HVAYI,0.0524282620504386,0
3365-SAIGS,0.5506504117578712,1
3340-QBBFM,0.10570011743833999,0
7602-DBTOU,0.0075810977583065185,0
9552-TGUZV,0.4749911243331283,0
6693-FRIRW,0.39872133714377106,0
4781-ZXYGU,0.2591879733227558,0
8665-UTDHZ,0.46574425088498633,0
8348-HFYIV,0.5418194549530768,1
4059-IIEBK,0.5947026736926925,1
9732-EQMWY,0.3460281067166072,0
5553-AOINX,0.30423704431585846,0
2878-DHMIN,0.016823261173636098,0
7410-KTVFV,0.2062150296145116,0
8165-ZJRNM,0.008695409643043286,0
5909-ECHUI,0.4651691765633494,0
2731-GJRDG,0.2884890464278402,0
4007-NHVHI,0.34925613857720633,0
3181-VTHOE,0.12595305981115165,0
6828-HMKWP,0.028866524099257194,0
9800-ONTFE,0.3998660076235801,0
9541-PWTWO,0.06489396290249175,0
4183-WCSEP,0.43062458951787663,0
8570-KLJYJ,0.10850667967885397,0
3813-DHBBB,0.03264329507572091,0
5245-VDBUR,0.12458519100649205,0
2192-CKRLV,0.093576704460398,0
0396-YCHWO,0.5104669858333559,1
1389-WNUIB,0.1157831094855194,0
9576-SYUHJ,0.43988785162108035,0
2519-TWKFS,0.14130693355881113,0
6551-VLJMV,0.008096912035469011,0
0384-RVBPI,0.15164088704565493,0
6196-HBOBZ,0.13714764475018518,0
0634-SZPQA,0.38492238076117774,0
4648-YPBTM,0.06010859507063165,0
5383-MMTWC,0.6702055690032271,1
8738-JOKAR,0.12937299872119673,0
3410-YOQBQ,0.06655046644145003,0
9172-JITSM,0.471111443976225,0
5092-STPKP,0.14348624119966022,0
7815-PDTHL,0.024869975006406357,0
7234-FECYN,0.6708698726762806,1
7240-FQLHE,0.4199304447719214,0
3677-IYRBF,0.5845382977805674,1
3873-NFTGI,0.24677788554434482,0
4625-LAMOB,0.011622157187982677,0
9447-YPTBX,0.04657218585871763,0
3727-OWVYD,0.09437983539115288,0
3213-VVOLG,0.12367883720389468,0
3097-IDVPU,0.19190834631921685,0
0867-MKZVY,0.3822893335073874,0
9805-FILKB,0.01383551917649968,0
2135-DQWAQ,0.576721451688025,1
1093-YSWCA,0.03139160011993121,0
7005-CYUIL,0.12117439649222259,0
8285-ABVLB,0.005309331156978378,0
4328-VUFWD,0.14837723510419737,0
2550-AEVRU,0.09311891816377223,0
1872-EBWSC,0.03152650910906203,0
7538-GWHML,0.6070686277619667,1
0374-AACSZ,0.38778815866566857,0
0042-RLHYP,0.011340328924731408,0
7765-LWVVH,0.12226651854395795,0
1456-TWCGB,0.31872028658221496,0
2990-IAJSV,0.032945787130929396,0
5846-QFDFI,0.2964873452868581,0
8564-LDKFL,0.2935100169625739,0
3528-HFRIQ,0.21342322782951131,0
7255-SSFBC,0.10570378234515174,0
4450-DLLMH,0.5741219587346896,1
1049-FYSYG,0.25934642713409917,0
8819-WFGGJ,0.05554362887064129,0
2362-IBOOY,0.5516800354745345,1
7426-GSWPO,0.29783455863461156,0
2019-HDCZY,0.17786669012359824,0
6692-YQHXC,0.4207533549849277,0
5196-SGOAK,0.687663348527956,1
5271-DBYSJ,0.5435652841917381,1
1741-WTPON,0.08348746409386211,0
5482-PLVPE,0.5893400992873523,1
6776-TLWOI,0.11424025411731976,0
3943-KDREE,0.4003364605025757,0
2616-UUTFK,0.1800194315929536,0
4123-FCVCB,0.2672232310990841,0
0877-SDMBN,0.24659429744428288,0
3946-JEWRQ,0.2534422428992362,0
7580-UGXNC,0.35899073633574186,0
1447-PJGGA,0.22339313560455346,0
6671-NGWON,0.10073421901364822,0
9531-NSBMR,0.037901184162239705,0
5650-YLIBA,0.5014466253728007,1
3396-DKDEL,0.04632989142583201,0
6860-YRJZP,0.6528090480956993,1
9282-IZGQK,0.7608727935218492,1
7951-VRDVK,0.11904139112307631,0
9362-MWODR,0.14232428503461525,0
0318-ZOPWS,0.018937721666364614,0
4366-CTOUZ,0.14181138215765762,0
6502-MJQAE,0.715426600549205,1
3148-BLQJT,0.3250773308855217,0
9548-ZMVTX,0.0682243711300166,0
2120-SMPEX,0.07975715160567344,0
3439-GVUSX,0.47892631260581436,0
0257-ZESQC,0.3514753102859061,0
0187-QSXOE,0.6655061211256097,1
9489-DEDVP,0.04255815165872021,0
9786-IJYDL,0.2075707602426368,0
8232-UTFOZ,0.008367412245035488,0
1455-ESIQH,0.749967375001031,1
4822-NGOCH,0.6477834586991298,1
7322-OCWHC,0.05819682490682426,0
6765-MBQNU,0.03629416423670275,0
6987-XQSJT,0.4302505276927643,0
9412-ARGBX,0.12860625487305638,0
4701-AHWMW,0.16314806728286657,0
5229-PRWKT,0.6760610077584261,1
2018-PZKMU,0.5750054376681122,1
1013-QCWAM,0.4282487144504492,0
1406-PUQVY,0.44166992360888985,0
5536-SLHPM,0.41785461348866726,0
3957-HHLMR,0.08713283835971473,0
1852-XEMDW,0.1458530176418732,0
8722-NGNBH,0.2289088792360957,0
3331-HQDTW,0.3818337638061381,0
4730-AWNAU,0.08187984275622627,0
7663-CUXZB,0.10279524570304761,0
4238-HFHSN,0.42301682479876035,0
1345-ZUKID,0.04380044791745106,0
5804-LEPIM,0.6651254059705518,1
4908-XAXAY,0.2279295174222035,0
6202-DYYFX,0.23104936100229878,0
6440-DKQGE,0.11620732875396637,0
2075-PUEPR,0.025353091992806998,0
2240-HSJQD,0.35317709066953357,0
2737-WFVYW,0.5827013031072983,1
0013-EXCHZ,0.5540131248928611,1
0348-SDKOL,0.25010217242296523,0
1357-BIJKI,0.3264109655847045,0
0455-ENTCR,0.07010194977133483,0
0623-EJQEG,0.20701717686779517,0
1230-QAJDW,0.34709091501255296,0
6813-GZQCG,0.03486725230356351,0
5236-PERKL,0.11153913214879677,0
3422-LYEPQ,0.6980921953960059,1
2995-UPRYS,0.2255953128391364,0
0641-EVBOJ,0.4435028723611393,0
1254-IZEYF,0.5309189218646707,1
9386-LDCZR,0.1130546055199145,0
1796-JANOW,0.1443598378297586,0
4785-QRJHC,0.15760268966343632,0
4786-UKSNZ,0.32881501561458576,0
9647-ERGBE,0.5029184718323682,1
4237-RLAQD,0.462223852907621,0
7577-SWIFR,0.749967375001031,1
2188-SXWVT,0.11356769265720876,0
6260-ONULR,0.4382650338020425,0
7762-ONLJY,0.04597267964463473,0
0080-OROZO,0.3649526170185227,0
9962-BFPDU,0.22068752355014232,0
9921-EZKBY,0.34539707368824807,0
7480-QNVZJ,0.5141334622680537,1
9489-JMTTN,0.021964143399138006,0
9185-TQCVP,0.6511322495838522,1
1702-CCFNJ,0.1160908174945141,0
5753-QQWPW,0.1355143743198397,0
1088-CNNKB,0.0953653796875741,0
7317-GGVPB,0.09117813383420316,0
0311-UNPFF,0.4161622416044694,0
3027-YNWZU,0.014281964562345957,0
2842-BCQGE,0.3524087480364848,0
2070-XYMFH,0.4173222984890917,0
8338-QIUNR,0.023358061756361306,0
4697-LUPSU,0.10413804138600348,0
5968-XQIVE,0.2836099973909462,0
0388-EOPEX,0.5066499756056945,1
5640-CAXOA,0.15050760305876026,0
4628-WQCQQ,0.3303391628415136,0
9821-POOTN,0.49577565110741384,0
4566-NECEV,0.6266451174939202,1
0872-CASZJ,0.07682310750697553,0
2186-QZEYA,0.20359444131443186,0
6905-NIQIN,0.38987942317660634,0
8016-NCFVO,0.29734101142021957,0
4062-HBMOS,0.4655915694578178,0
2868-MZAGQ,0.7494085796811036,1
2235-DWLJU,0.5299043264232455,1
7156-MXBJE,0.13931233674859933,0
5650-VDUDS,0.4530458874673991,0
8869-LIHMK,0.08077087121247448,0
6252-DFGTK,0.07921126689678239,0
2669-QVCRG,0.31958711858686006,0
0823-HSCDJ,0.2605210247759599,0
3635-QQRQD,0.010402876827600407,0
2073-QBVBI,0.18867221804498915,0
9396-ZSFLL,0.24688503553908053,0
8107-RZLNV,0.1671304975299961,0
0871-OPBXW,0.1758328742803414,0
8404-VIOMB,0.019786022478054967,0
9601-BRXPO,0.43893802909336593,0
0397-ZXWQF,0.015382507063500283,0
6806-YDEUL,0.14520338562751553,0
0709-TVGUR,0.6600294550535325,1
9839-ETQOE,0.21876793255769578,0
8874-EJNSR,0.01371084365060242,0
9972-VAFJJ,0.2508731363450519,0
2504-DSHIH,0.5150064543946123,1
1853-ARAAQ,0.2533650975612258,0
9227-LUNBG,0.5620721985196225,1
6693-DJWTY,0.1008537880809969,0
1452-VOQCH,0.7383249720581567,1
1641-RQDAY,0.468864952432126,0
7426-WEIJX,0.3337589915364692,0
0825-CPPQH,0.006959175140155696,0
0431-APWVY,0.24448791547470353,0
7435-ZNUYY,0.06109796311864368,0
7979-CORPM,0.4028058053867707,0
5063-IUOKK,0.03875382554839585,0
7274-CGTOD,0.025486476615261478,0
5173-ZXXXL,0.11583121387105381,0
9958-MEKUC,0.042770384155711494,0
5135-RDDQL,0.05021797859479496,0
1543-LLLFT,0.17538766469035064,0
9894-EZEWG,0.6078017218092067,1
4468-YDOVK,0.3646394324432075,0
2150-WLKUW,0.12397154032791152,0
8756-RDDLT,0.17849018536435543,0
6942-LBFDP,0.2062267697584339,0
6867-ACCZI,0.07259614058052137,0
2530-FMFXO,0.15720830446362927,0
3129-AAQOU,0.028184757748184658,0
4951-UKAAQ,0.6825315165571872,1
0471-LVHGK,0.2084673040195273,0
9283-LZQOH,0.48665648621931595,0
8395-ETZKQ,0.04109278371388506,0
2995-YWTCD,0.03395833372004516,0
3470-OBUET,0.02729132082436065,0
8414-OOEEL,0.03485094433479667,0
7064-FRRSW,0.37365599651107945,0
8336-TAVKX,0.05270513609331366,0
1596-BBVTG,0.33197191306259405,0
8878-HMWBV,0.4441325064766341,0
1730-ZMAME,0.5273951719242542,1
5781-RFZRP,0.03236166005588917,0
1791-PQHBB,0.31096642235053557,0
5394-SVGJV,0.3583284895363989,0
2335-GSODA,0.061495249413493366,0
0181-RITDD,0.08093545664159532,0
4393-GEADV,0.04788905352662568,0
9931-DCEZH,0.1205504699826629,0
2604-XVDAM,0.2656997615447779,0
5743-KHMNA,0.015105320177374678,0
7940-UQQUG,0.16692920661788133,0
8717-VCTXJ,0.02899635048922937,0
2930-UOTMB,0.1343175464232231,0
0716-BQNDX,0.14774424502192054,0
8464-EETCQ,0.020421453021944484,0
9824-BEMCV,0.46937389482072783,0
7055-HNEOJ,0.3096083480849664,0
5514-YQENT,0.18628237794260716,0
4584-LBNMK,0.03222047841695295,0
9309-BZGNT,0.15447233889974327,0
3719-TDVQB,0.03674890784364811,0
5478-JJVZK,0.18287972661816793,0
9793-WECQC,0.38996041604664955,0
5821-MMEIL,0.014489602422170591,0
9223-UCPVT,0.7019267697931688,1
6358-LYNGM,0.7383249720581567,1
6559-RAKOZ,0.2932446726005523,0
7929-DMBCV,0.32902981668041226,0
0582-AVCLN,0.015788421614041648,0
2921-XWDJH,0.439631013267083,0
6712-OAWRH,0.5369688372457041,1
3097-PYWXL,0.14941939308306237,0
2984-MIIZL,0.5970323652373126,1
0215-BQKGS,0.3007738003356612,0
6221-AVQYL,0.6134602895158774,1
3530-VWVGU,0.05009232728197117,0
3791-LGQCY,0.33023130533913586,0
0704-VCUMB,0.006149964881346785,0
3472-OAOOR,0.21073110626959576,0
7905-NJMXS,0.2137883799052064,0
1099-BTKWT,0.1512112560977093,0
6997-UVGOX,0.020265790225072064,0
7241-AJHFS,0.27224542743111885,0
4559-UWIHT,0.6337881200616163,1
8498-XXGWA,0.12862941336206432,0
2911-WDXMV,0.4027593838714481,0
6353-BRMMA,0.2740108298714575,0
3597-MVHJT,0.45478192208564316,0
7861-UVUFT,0.5746720346723957,1
6686-YPGHK,0.2684513276637708,0
8752-GHJFU,0.19107012939888274,0
2990-OGYTD,0.0387298310063347,0
6762-NSODU,0.0077443935283716715,0
1271-UODNO,0.11200760345517789,0
5832-TRLPB,0.15407827409315045,0
3865-QBWSJ,0.330352518460394,0
6050-IJRHS,0.28204709232389463,0
9885-AIBVB,0.4960214587149045,0
7145-FEJWU,0.6412132810592003,1
7526-IVLYU,0.10863556266715618,0
7855-DIWPO,0.4591289570039161,0
5356-KZCKT,0.017992812800287594,0
3347-YJZZE,0.2046480703182173,0
7605-SNLQG,0.16706053373428176,0
9127-QRZMH,0.07496135324318645,0
5193-QLVZB,0.18218483706212216,0
0731-EBJQB,0.04718611795728913,0
2538-OIMXF,0.4692647074847984,0
5154-VEKBL,0.1665692870540009,0
9578-FOMUK,0.05620600533966277,0
9903-LYSAB,0.5660543229874998,1
7928-VJYAB,0.5633747999934818,1
6408-WHTEF,0.020356622968839427,0
1336-EZFZY,0.1015733571850881,0
3787-TRIAL,0.36275106235940546,0
0036-IHMOT,0.16775568874491736,0
5062-CJJKH,0.14539208164408826,0
7682-AZNDK,0.39966731998797805,0
0979-PHULV,0.2887495143610289,0
6253-GNHWH,0.029549615754554174,0
3445-HXXGF,0.24876810600762422,0
8378-LKJAF,0.38227640202980895,0
6447-GORXK,0.2140943736647177,0
5504-WSIUR,0.1557187895118842,0
8861-HGGKB,0.6063266637843521,1
1095-WGNGG,0.16913214364484927,0
4334-HOWRP,0.03427976778733451,0
2911-UREFD,0.20663309581096848,0
7710-JSYOA,0.10880546351353783,0
2108-XWMPY,0.3373333517254698,0
9924-JPRMC,0.08850681719147532,0
0580-PIQHM,0.2387558588740722,0
3096-IZETN,0.5190246746062759,1
2812-SFXMJ,0.2558942852098866,0
2404-JIBFC,0.03771091965074829,0
4079-ULGFR,0.08659379386259741,0
4826-XTSOH,0.7692704600142959,1
8917-SZTTJ,0.004839017178782128,0
2919-HBCJO,0.5978430425438623,1
0089-IIQKO,0.35205510235640136,0
9305-CDSKC,0.7091875697749443,1
9620-ENEJV,0.5310483177881026,1
0168-XZKBB,0.5735362296231827,1
2292-XQWSV,0.15332121259780268,0
8374-UULRV,0.037661829778399956,0
0516-OOHAR,0.24540718665368697,0
7594-LZNWR,0.30985274218644504,0
8120-JDCAM,0.5435181511661034,1
0201-OAMXR,0.17093668742265822,0
5778-BVOFB,0.28921046794518274,0
9837-BMCLM,0.6725141500794445,1
5248-YGIJN,0.017927626904193483,0
0623-IIHUG,0.33265072305613297,0
4598-XLKNJ,0.5228601907862614,1
9953-ZMKSM,0.02156659549710685,0
2845-AFFTX,0.4972548913296773,0
2608-BHKFN,0.5788038732295877,1
7599-NTMDP,0.023179631440583878,0
8563-OYMQY,0.4456200197753638,0
6505-OZNPG,0.10689776423603341,0
8270-RKSAP,0.6113783336141956,1
6637-KYRCV,0.4122447895707822,0
6331-LWDTQ,0.3433818764477417,0
0080-EMYVY,0.17359238976205968,0
5707-ORNDZ,0.2608514278706919,0
5010-IPEAQ,0.01758074833297099,0
8132-YPVBX,0.6029838964678641,1
8550-XSXUQ,0.1526677195191138,0
5277-ZLOOR,0.7353282913355172,1
8879-ZKJOF,0.13596508696413315,0
8919-FYFQZ,0.28463668649853635,0
2077-MPJQO,0.6609276717793895,1
2832-SCUCO,0.23317951426892608,0
1270-XKUCC,0.009428072134801506,0
7722-CVFXN,0.2754338244080399,0
2668-TZSPS,0.33839903914322406,0
8714-CTZJW,0.6590605304588053,1
8903-WMRNW,0.4448806853582091,0
7781-HVGMK,0.013781094298604267,0
5756-OZRIO,0.1302397908342188,0
7055-JCGNI,0.06257211825667962,0
7529-ZDFXI,0.42942303360303435,0
4759-PXTAN,0.15392860897041521,0
5804-JMYIO,0.0058903316287630255,0
4001-TSBTV,0.3311705218446238,0
6383-ZTSIW,0.26440222278952413,0
0214-JHPFW,0.033305943180438995,0
5628-FCGYG,0.6043851700545946,1
0899-LIIBW,0.4574566632656324,0
7619-ODSGN,0.19462060633096737,0
4480-QQRHC,0.5933294429779007,1
0484-JPBRU,0.051350313103081066,0
9940-RHLFB,0.6661772972332516,1
9544-PYPSJ,0.273146395741592,0
9828-AOQLM,0.5074765435422902,1
3714-XPXBW,0.16355236319039132,0
1550-EENBN,0.3946673384975522,0
4231-LZUYM,0.009135983751094402,0
4983-CLMLV,0.2755065629711884,0
5816-JMLGY,0.03166770811875834,0
5445-PZWGX,0.2458918170319846,0
4716-HHKQH,0.47041784806636494,0
0301-FIDRB,0.016258336885810066,0
5396-IZEPB,0.06343559066517952,0
0423-UDIJQ,0.2698931968387552,0
4378-MYPGO,0.08040877312883296,0
2360-RDGRO,0.30753152655809474,0
3629-ZNKXA,0.5967553575131972,1
1950-KSVVJ,0.19800139626691193,0
1187-WILMM,0.02282302071747403,0
5966-EMAZU,0.17535234975099392,0
3144-KMTWZ,0.27200865870993207,0
2211-RMNHO,0.03615566425507948,0
7691-KGKGP,0.1090234823582191,0
8851-RAGOV,0.16225978417881565,0
1744-JHKYS,0.04216208802221205,0
9191-MYQKX,0.5859865803249362,1
2580-ATZSQ,0.07411474476325468,0
0880-TKATG,0.6540987395406355,1
8015-IHCGW,0.08701576859129262,0
8735-SDUFN,0.02077136970923942,0
6467-CHFZW,0.3903686374800088,0
2165-VOEGB,0.20656677466390552,0
3197-ARFOY,0.42654043987287593,0
6496-JDSSB,0.6029470474682107,1
3967-VQOGC,0.030302584369507172,0
4083-BFNYK,0.2582505036730198,0
9261-WDCAF,0.35558936063761537,0
0195-IESCP,0.6603646216168013,1
4566-QVRRW,0.36980388201778963,0
4627-MIHJH,0.07270175923514327,0
1697-LYYYX,0.023901487029856706,0
7254-IQWOZ,0.715426600549205,1
7112-OPOTK,0.3574940803791442,0
5349-IECLD,0.6507899459288388,1
2923-ARZLG,0.22184850439879011,0
4183-MYFRB,0.545568139250014,1
9269-CQOOL,0.3613342673877694,0
4441-NIHPT,0.6165999406925566,1
8292-TYSPY,0.18427387350133823,0
2753-JMMCV,0.046316032414953,0
3005-TYFRD,0.33727825324575456,0
4377-VDHYI,0.24129314637545954,0
3115-CZMZD,0.1669048577436549,0
8634-CILSZ,0.22844893874314912,0
8982-NHAVY,0.2898176336433149,0
7711-YIJWC,0.07438600287453517,0
3468-DRVQJ,0.1316883664430564,0
1247-QBVSH,0.17755725767755973,0
6368-NWMCE,0.15642515430290305,0
8313-AFGBW,0.11536669208946321,0
8917-FAEMR,0.01201747330316258,0
8205-MQUGY,0.2667089733979907,0
0193-ESZXP,0.1916240094391813,0
6243-OZGFH,0.3406646074424421,0
7878-RTCZG,0.284484362086923,0
1053-MXTTK,0.06250356917838826,0
2100-BDNSN,0.26846081170655567,0
8584-KMVXD,0.5575771736412182,1
9317-WZPGV,0.6601802605914858,1
5387-ASZNZ,0.09350199723567201,0
0696-UKTOX,0.19389273961088851,0
7140-ADSMJ,0.07497190056148038,0
7564-GHCVB,0.08731436018530955,0
3682-YEUWS,0.07852862844115985,0
5357-TZHPP,0.6048778440178298,1
8984-EYLLL,0.14657117582478374,0
3572-UOLYZ,0.27080558514611874,0
9060-HJJRW,0.1742318192208294,0
3512-IZIKN,0.02872568253995571,0
3500-NSDOA,0.03956367576857909,0
8455-HIRAQ,0.28756003752542353,0
3806-DXQOM,0.40988628238199515,0
6890-PFRQX,0.15689740449835,0
7599-FKVXZ,0.3746350923784819,0
0516-UXRMT,0.23702764474583757,0
9469-WEJBT,0.4222167473738033,0
9504-YAZWB,0.02291838193150196,0
1298-PHBTI,0.13794952601015725,0
1958-RNRKS,0.22926331407420214,0
4925-LMHOK,0.2392691932113187,0
0810-DHDBD,0.08179530546899777,0
2968-SSGAA,0.7081004735775501,1
3022-BEXHZ,0.12747786251819232,0
1087-GRUYI,0.01228614154663629,0
3363-DTIVD,0.13425179179496144,0
0303-WMMRN,0.11523391331733744,0
8624-GIOUT,0.16099143849383854,0
5980-NOPLP,0.4377203046252416,0
4342-HENTK,0.676701770865335,1
2657-ALMWY,0.42392173967546154,0
2408-TZMJL,0.27326185176548257,0
8695-ARGXZ,0.5134976980884417,1
3387-PLKUI,0.0668931428047082,0
3442-ZHHCC,0.12250924802154695,0
0621-HJWXJ,0.2998604199116252,0
2193-SFWQW,0.05926753597706757,0
2863-IMQDR,0.06188485334880063,0
4501-EQDRN,0.5847600997982041,1
5159-YFPKQ,0.6728019541904555,1
1493-AMTIE,0.3496503796842391,0
7785-RDVIG,0.06933597192378865,0
0298-XACET,0.04472073869644141,0
4983-CCWMC,0.5453644062059358,1
2843-CQMEG,0.21529213628498134,0
4361-JEIVL,0.5042712648614948,1
7020-OZKXZ,0.5547018281142991,1
1306-RPWXZ,0.016558597160021112,0
6728-DKUCO,0.2149730468807054,0
9588-YRFHY,0.01513508905981264,0
4458-KVRBJ,0.014154301492456152,0
4257-GAESD,0.3464546324909191,0
4779-ZGICK,0.009935976457403461,0
4712-AUQZO,0.19752747360786166,0
3413-CSSTH,0.20683467594929453,0
2371-KFUOG,0.19924246054784586,0
8058-DMYRU,0.4695635710193583,0
5844-QVTAT,0.10757072548058627,0
5688-KZTSN,0.046952125455887075,0
8272-ONJLV,0.45930611384087966,0
0840-DCNZE,0.11064474697324692,0
9199-PWQVC,0.11281787729401066,0
5949-EBSQK,0.2815805393612891,0
0847-HGRML,0.02167650843771991,0
5816-QVHRX,0.37898008721038545,0
3506-LCJDC,0.2032112229580686,0
3244-DCJWY,0.7174975418365035,1
5136-GFPMB,0.2864093839985543,0
6199-IWKGC,0.2928845735703981,0
3082-WQRVY,0.07110552014723176,0
7206-PQBBZ,0.6062859293143621,1
2937-FTHUR,0.20353222084075184,0
4199-QHJNM,0.1490442505605047,0
6507-ZJSUR,0.5507194787878447,1
7858-GTZSP,0.6664434844997628,1
0420-HLGXF,0.550749462645748,1
1309-XGFSN,0.18859438652896013,0
1370-GGAWX,0.30247454888392294,0
6670-MFRPK,0.10220233887774194,0
1704-NRWYE,0.6407978123507864,1
6289-CPNLD,0.12335689505982747,0
2911-IJORQ,0.15040029173179253,0
7734-DBOAI,0.4769689263150142,0
9512-PHSMG,0.09646224342778732,0
1987-AUELQ,0.01167399114041905,0
7044-YAACC,0.6437361686116095,1
0295-QVKPB,0.28487459608555216,0
9728-FTTVZ,0.6846117356066634,1
0841-NULXI,0.5959316993743167,1
4385-GZQXV,0.6054178404303314,1
0970-ETWGE,0.7494844204555764,1
3951-NJCVI,0.510350756961344,1
0963-ZBDRN,0.4576953169669748,0
7321-PKUYW,0.5629030016639177,1
3426-NIYYL,0.2835642279515825,0
2384-OVPSA,0.03152831372158082,0
6048-QBXKL,0.4061658241308065,0
2506-CLAKW,0.5482439949862247,1
6447-EGDIV,0.04186847378120632,0
1088-AUUZZ,0.04069315912323786,0
5515-IDEJJ,0.23167355861481057,0
8559-CIZFV,0.09217153159941203,0
2523-EWWZL,0.46616283504490463,0
8111-BKVDS,0.20033637821368042,0
1579-KLYDT,0.6934636874113445,1
9746-MDMBK,0.20087866617365024,0
7598-UAASY,0.6239964131536734,1
3570-YUEKJ,0.2231983209116352,0
7672-VFMXZ,0.15384067699158085,0
1087-UDSIH,0.09435031906603437,0
3587-PMCOY,0.47243993282243407,0
6338-AVWCY,0.4237225552866577,0
6211-WWLTF,0.057382535050849004,0
9833-TGFHX,0.26426245479958704,0
4355-CVPVS,0.20430602702386527,0
4510-HIMLV,0.7180566736270393,1
3982-JGSFD,0.022597840756505522,0
6474-FVJLC,0.7201280040494297,1
0556-FJEGU,0.035671831473112384,0
0133-BMFZO,0.44895876720395,0
3727-JEZTU,0.3117915904223781,0
9558-IHEZX,0.09185443427871955,0
7298-IZWLY,0.34442208172502503,0
9026-RNUJS,0.39554495245283966,0
4922-CVPDX,0.1074188164455358,0
7077-XJMET,0.3409359811456996,0
6770-UAYGJ,0.01932299404312298,0
6861-OKBCE,0.049334916019903224,0
0258-NOKBL,0.597896040898585,1
2275-RBYQS,0.4713667366219964,0
4232-JGKIY,0.267976105876888,0
7056-IMHCC,0.4782308227191674,0
7548-SEPYI,0.6551410201571379,1
8996-ZROXE,0.14234793603206808,0
6614-FHDBO,0.11023840310296201,0
8713-IGZSO,0.1480789948273517,0
6689-KXGBO,0.42630467821510337,0
1166-PQLGG,0.011340328924731408,0
3131-NWVFJ,0.03881365205933748,0
4806-HIPDW,0.6429691353978616,1
8637-XJIVR,0.5262949678639971,1
1452-XRSJV,0.14563024733692345,0
8292-ITGYJ,0.02275729001393878,0
2883-ILGWO,0.3120240248500885,0
2215-ZAFGX,0.6592046851832067,1
5348-CAGXB,0.65535815311685,1
0270-THENM,0.029322377082842677,0
5149-CUZUJ,0.18313287984439527,0
3298-QEICA,0.07593385752922865,0
6479-OAUSD,0.02270776748813614,0
7356-IWLFW,0.30140603225593976,0
5087-SUURX,0.3825460098178619,0
2400-XIWIO,0.05682570754781003,0
8990-ZXLSU,0.48982203869151825,0
5198-EFNBM,0.2839743307414052,0
9661-JALZV,0.029906020969942264,0
8777-PVYGU,0.08634427286568172,0
8562-GHPPI,0.23134317880796673,0
1307-ATKGB,0.5186580169883093,1
1423-BMPBQ,0.2730987824838714,0
5386-THSLQ,0.17129493653296923,0
9944-HKVVB,0.6662460175582176,1
9052-VKDUW,0.21883987416853773,0
1178-PZGAB,0.025712302048779802,0
1663-MHLHE,0.2931649428763411,0
8039-EQPIM,0.031105152013619325,0
1951-IEYXM,0.02001670268147739,0
3750-CKVKH,0.569191404659437,1
2187-LZGPL,0.3382402726304652,0
2815-CPTUL,0.5390259319429681,1
8746-BFOAJ,0.04986500733004659,0
3415-TAILE,0.3473879663869933,0
3533-UVMOM,0.030723556510058595,0
7481-ATQQS,0.32894450352178567,0
9003-CPATH,0.431969708688675,0
7134-HBPBS,0.1259023939451132,0
9430-FRQOC,0.5381350472346597,1
3134-DSHVC,0.08214970224102673,0
0727-BMPLR,0.3484386599683784,0
2696-ECXKC,0.2257602157495727,0
7037-MTYVW,0.08274093682847017,0
6522-OIQSX,0.06357429962253991,0
7945-PRBVF,0.019650903432633076,0
1221-GHZEP,0.035294209524627695,0
6439-PKTRR,0.06921113679325895,0
5825-XJOCM,0.09965085695716974,0
1837-YQUCE,0.022804628959682854,0
1407-DIGZV,0.02519701338096296,0
3585-ISXZP,0.6223601834565223,1
0106-GHRQR,0.2975840319451753,0
4094-NSEDU,0.6361538198166496,1
9494-BDNNC,0.310166564450634,0
8731-WBBMB,0.16792022429558312,0
0022-TCJCI,0.09554736729360515,0
8605-ITULD,0.26937597737699176,0
8012-SOUDQ,0.4744753093564869,0
4198-VFOEA,0.1787505784673294,0
0238-WHBIQ,0.02454644866393788,0
3633-CDBUW,0.20203095602619583,0
0137-UDEUO,0.09907110625833031,0
5090-EMGTC,0.11307027947582642,0
7634-HLQJR,0.006212997189504067,0
7075-BNDVQ,0.2829555263944031,0
5515-RUGKN,0.2916603660562736,0
9845-PEEKO,0.17813980667079019,0
2806-MLNTI,0.28826562741795897,0
7727-SHVZV,0.11024686974790286,0
1597-LHYNC,0.4952163764814495,0
4658-HCOHW,0.45656016130201665,0
5539-HIVAK,0.07824327154033096,0
4049-ZPALD,0.0806394553748947,0
7427-AUFPY,0.026239351302002785,0
7854-EDSSA,0.1672307680953968,0
2656-TABEH,0.6971268569826045,1
2832-KJCRD,0.5207601183150365,1
7409-KIUTL,0.7366863532916148,1
7980-MHFLQ,0.014466122764407752,0
6689-VRRTK,0.25408960216637394,0
4488-PSYCG,0.07993859689470702,0
1850-AKQEP,0.06643320232683382,0
0420-BWTPW,0.3105830044853357,0
5168-MSWXT,0.6350754639295618,1
6770-XUAGN,0.25645197411297244,0
8646-JCOMS,0.139442165375527,0
7610-TVOPG,0.06839370733626358,0
4623-ZKHLY,0.0422535610849852,0
9625-QNLUX,0.06187261786612337,0
7549-MYGPK,0.3030620766707484,0
5649-ANRML,0.5787278442072833,1
7511-YMXVQ,0.45602721540650526,0
4316-XCSLJ,0.1683922780010043,0
2519-FAKOD,0.4003230248842612,0
6650-BWFRT,0.03822285012019294,0
6538-POCHL,0.3368218375892125,0
5955-EPOAZ,0.10859718683279587,0
8331-ZXFOE,0.08074374758922888,0
6576-FBXOJ,0.19231335554363954,0
1599-EAHXY,0.018247433610878036,0
1501-SGHBW,0.3848897134395664,0
5445-UTODQ,0.6430046009963892,1
2088-IEBAU,0.06873274789585868,0
2754-VDLTR,0.6141427113608998,1
3696-DFHHB,0.01930218309817907,0
2907-ILJBN,0.04263061867079527,0
6599-GZWCM,0.3699833887813035,0
9365-CSLBQ,0.01632346087210599,0
6017-PPLPX,0.5027270356716036,1
2005-DWQZJ,0.023336135226305458,0
1335-NTIUC,0.48312078806780934,0
1577-HKTFG,0.062350173557796366,0
7661-CPURM,0.28160002345704954,0
7109-CQYUZ,0.03061911027273832,0
1642-HMARX,0.0689486643747238,0
1470-PSXNM,0.2993043513505052,0
5808-TOTXO,0.07029624309110126,0
0228-MAUWC,0.21604675075883026,0
9139-TWBAS,0.13679871842645558,0
0459-SPZHJ,0.03405439443846726,0
6173-GOLSU,0.3399399734039894,0
8234-GSZYK,0.025097215288198162,0
9593-CVZKR,0.036807534480698886,0
7446-SFAOA,0.044645778932310705,0
0603-OLQDC,0.2207822858893535,0
8066-POXGX,0.4211735059410543,0
7569-NMZYQ,0.06303494430756414,0
6075-QMNRR,0.14835497615503365,0
4847-QNOKA,0.45146505582835844,0
6519-CFDBX,0.4932881686355825,0
6481-ESCNL,0.3885382609199081,0
4896-CPRPF,0.011927022013381972,0
0929-PECLO,0.3209157225269705,0
1794-SWWKL,0.22609849398643506,0
5093-FEGLU,0.013648328312939748,0
6674-KVJHG,0.061731320406325715,0
2739-CCZMB,0.0627812292417202,0
3774-VBNXY,0.0059171640924386435,0
7161-DFHUF,0.01171771036785009,0
7032-LMBHI,0.1053255251022246,0
4554-YGZIH,0.32599888047584125,0
6688-UZPWD,0.677986388229371,1
7833-PKIHD,0.08383791012108967,0
9824-QCJPK,0.02183407353707811,0
3454-JFUBC,0.01651622080292141,0
1580-BMCMR,0.5113911381908425,1
5889-JTMUL,0.427162395353496,0
2545-EBUPK,0.7362865432185821,1
9500-WBGRP,0.022173048299161814,0
7110-BDTWG,0.10854321432645211,0
5288-AHOUP,0.6449766828638311,1
0134-XWXCE,0.11843436630565701,0
9209-NWPGU,0.12044969711119416,0
0422-UXFAP,0.314577355255562,0
3538-WZPHD,0.49778003376267727,0
4500-HKANN,0.08430373185091057,0
6928-ONTRW,0.005825334237988851,0
0952-KMEEH,0.471587376501165,0
7268-WNTCP,0.005919422980155169,0
7009-LGECI,0.3357472897774615,0
6599-CEBNN,0.3361214762864595,0
